{"cameraMode":{"drawMode":0,"name":"Shaded","section":"Shading Mode"},"sceneLighting":true,"audioPlay":false,"sceneViewState":{"m_AlwaysRefresh":false,"showFog":true,"showSkybox":true,"showFlares":true,"showImageEffects":true,"showParticleSystems":true,"showVisualEffectGraphs":true,"m_FxEnabled":true},"in2DMode":false,"pivot":{"x":4.077541351318359,"y":8.435501098632813,"z":1.050536036491394},"rotation":{"x":-0.013339037075638771,"y":0.9763098955154419,"z":-0.20656290650367738,"w":-0.06306007504463196},"size":0.6993382573127747,"orthographic":true}